Month,#Commits
2013-01,4.0
2013-02,0.0
2013-03,17.0
2013-04,20.0
2013-05,5.0
2013-06,14.0
2013-07,0.0
2013-08,3.0
2013-09,1.0
2013-10,2.0
2013-11,10.0
2013-12,6.0
2014-01,2.0
2014-02,0.0
2014-03,4.0
2014-04,2.0
2014-05,2.0
2014-06,3.0
2014-07,1.0
2014-08,2.0
2014-09,6.0
2014-10,7.0
2014-11,0.0
2014-12,0.0
2015-01,0.0
2015-02,1.0
2015-03,18.0
2015-04,3.0
2015-05,0.0
2015-06,0.0
2015-07,0.0
2015-08,3.0
2015-09,0.0
2015-10,0.0
2015-11,15.0
2015-12,0.0
2016-01,0.0
2016-02,0.0
2016-03,0.0
2016-04,0.0
2016-05,6.0
2016-06,2.0
2016-07,0.0
2016-08,0.0
2016-09,0.0
2016-10,0.0
2016-11,0.0
2016-12,0.0
2017-01,0.0
2017-02,0.0
2017-03,0.0
2017-04,0.0
2017-05,0.0
2017-06,27.0
2017-07,6.0
2017-08,0.0
2017-09,0.0
2017-10,10.0
2017-11,0.0
2017-12,0.0
2018-01,0.0
2018-02,0.0
2018-03,3.0
2018-04,10.0
2018-05,3.0
2018-06,6.0
2018-07,0.0
2018-08,0.0
2018-09,0.0
2018-10,0.0
2018-11,0.0
2018-12,2.0
2019-01,0.0
2019-02,7.0
2019-03,0.0
2019-04,0.0
2019-05,0.0
2019-06,0.0
2019-07,0.0
2019-08,0.0
2019-09,0.0
2019-10,0.0
2019-11,0.0
2019-12,0.0
2020-01,0.0
2020-02,2.0
2020-03,0.0
2020-04,0.0
2020-05,0.0
2020-06,0.0
2020-07,0.0
2020-08,0.0
2020-09,0.0
2020-10,0.0
2020-11,6.0
2020-12,2.0
2021-01,21.0
2021-02,0.0
2021-03,0.0
2021-04,3.0
2021-05,15.0
2021-06,55.0
2021-07,2.0
2021-08,5.0
2021-09,0.0
2021-10,5.0
2021-11,0.0
2021-12,2.0
2022-01,1.0
2022-02,0.0
2022-03,21.0
2022-04,38.0
2022-05,11.0
2022-06,4.0
2022-07,0.0
2022-08,0.0
2022-09,0.0
2022-10,3.0
2022-11,0.0
2022-12,0.0
2023-01,0.0
2023-02,0.0
2023-03,0.0
2023-04,0.0
2023-05,0.0
2023-06,0.0
2023-07,0.0
2023-08,0.0
2023-09,0.0
2023-10,0.0
2023-11,0.0
2023-12,0.0
2024-01,0.0
2024-02,0.0
2024-03,0.0
2024-04,0.0
2024-05,0.0
2024-06,0.0
2024-07,0.0
2024-08,0.0
2024-09,1.0
2024-10,0.0
2024-11,1.0
