project,number of commits,number of authors,max time,min time,number of stars,number of forks,last commit date,LongestGapStart,LongestGapEnd,LongestGapLength,NumCommitsAfterLastGap,NumberOfGapsInTimeline,ActivityPattern
gabinsane/multimodal-vae-comparison,430,6,2025-05-19T21:34:47+00:00,2021-06-29T09:38:12+00:00,34,11,2025-05-19,2024-03-25T14:21:54+00:00,2025-05-19T21:02:29+00:00,420.27818287037036,3,11,steady
MansMeg/posteriordb,1300,28,2026-09-25T08:33:06+00:00,2019-04-09T06:35:25+00:00,233,52,2026-09-25,2021-09-20T13:05:30+00:00,2022-08-09T12:36:37+00:00,322.97994212962965,199,18,declining
markmfredrickson/optmatch,1738,11,2026-09-24T14:37:30+00:00,2011-06-02T20:23:30+00:00,50,14,2026-09-24,2023-11-23T12:53:25+00:00,2024-08-12T16:45:23+00:00,263.16108796296294,79,44,irregular
statistikat/VIM,929,24,2026-09-22T09:49:31+00:00,2013-09-12T09:59:16+00:00,93,15,2026-09-22,2024-08-19T06:34:53+00:00,2025-04-02T08:34:41+00:00,226.08319444444444,440,52,steady
FairRootGroup/FairRoot,3921,57,2025-08-06T08:35:17+00:00,2008-07-21T07:43:29+00:00,70,100,2025-08-06,2024-05-23T13:27:29+00:00,2025-06-14T09:13:25+00:00,386.8235648148148,4,10,steady
arfc/pride,953,7,2025-02-11T17:32:46+00:00,2019-12-17T22:38:04+00:00,3,7,2025-02-11,2021-09-02T15:13:00+00:00,2024-03-06T00:21:11+00:00,915.3806828703704,3,3,declining
nexpy/nexpy,3072,12,2026-10-06T15:03:45+00:00,2013-05-31T16:13:43+00:00,52,25,2026-10-06,2022-04-29T22:07:27+00:00,2022-08-05T21:50:59+00:00,97.98856481481481,603,29,steady
tompollard/tableone,600,11,2026-02-10T17:57:39+00:00,2017-05-15T14:36:05+00:00,197,51,2026-02-10,2021-01-04T03:18:49+00:00,2022-08-16T20:32:21+00:00,589.7177314814815,201,21,declining
geospace-code/pymap3d,825,19,2026-06-22T01:31:13+00:00,2014-08-03T04:28:03+00:00,446,88,2026-06-22,2024-05-07T21:01:10+00:00,2025-01-08T05:09:50+00:00,245.33935185185186,56,43,declining
GeoKnow/LinkedGeoData,416,11,2024-09-29T08:26:09+00:00,2013-01-29T16:48:38+00:00,162,33,2024-09-29,2022-10-25T15:50:15+00:00,2024-09-29T08:26:09+00:00,704.6915972222222,0,29,irregular
